YEAR   ;1 SIGMA    ;2 SIGMA   IGNORE THESE COLUMNS
1000   ;0.240346   ;0.480693   0.206137   0.123588
1001   ;0.240347   ;0.480694   0.206137   0.123589
1002   ;0.240346   ;0.480692   0.206136   0.123588
1003   ;0.240347   ;0.480694   0.206137   0.123589
1004   ;0.240347   ;0.480693   0.206137   0.123588
1005   ;0.240346   ;0.480692   0.206136   0.123588
1006   ;0.240346   ;0.480693   0.206137   0.123588
1007   ;0.240347   ;0.480693   0.206137   0.123588
1008   ;0.240347   ;0.480693   0.206137   0.123588
1009   ;0.240347   ;0.480693   0.206137   0.123588
1010   ;0.240347   ;0.480694   0.206137   0.123589
1011   ;0.240346   ;0.480692   0.206136   0.123588
1012   ;0.240347   ;0.480694   0.206137   0.123588
1013   ;0.240347   ;0.480693   0.206137   0.123588
1014   ;0.240347   ;0.480693   0.206137   0.123588
1015   ;0.240346   ;0.480692   0.206136   0.123588
1016   ;0.240346   ;0.480692   0.206136   0.123588
1017   ;0.240347   ;0.480693   0.206137   0.123588
1018   ;0.240346   ;0.480693   0.206137   0.123588
1019   ;0.240347   ;0.480693   0.206137   0.123588
1020   ;0.240347   ;0.480694   0.206137   0.123589
1021   ;0.240347   ;0.480693   0.206137   0.123588
1022   ;0.240347   ;0.480693   0.206137   0.123588
1023   ;0.240347   ;0.480693   0.206137   0.123588
1024   ;0.240346   ;0.480693   0.206137   0.123588
1025   ;0.240347   ;0.480693   0.206137   0.123588
1026   ;0.240347   ;0.480693   0.206137   0.123588
1027   ;0.240346   ;0.480693   0.206137   0.123588
1028   ;0.240346   ;0.480693   0.206137   0.123588
1029   ;0.240347   ;0.480693   0.206137   0.123588
1030   ;0.240347   ;0.480693   0.206137   0.123588
1031   ;0.240347   ;0.480694   0.206137   0.123589
1032   ;0.240346   ;0.480693   0.206137   0.123588
1033   ;0.240346   ;0.480692   0.206136   0.123588
1034   ;0.240347   ;0.480694   0.206137   0.123589
1035   ;0.240347   ;0.480694   0.206137   0.123589
1036   ;0.240346   ;0.480693   0.206137   0.123588
1037   ;0.240347   ;0.480693   0.206137   0.123588
1038   ;0.240347   ;0.480693   0.206137   0.123588
1039   ;0.240347   ;0.480693   0.206137   0.123588
1040   ;0.240347   ;0.480693   0.206137   0.123588
1041   ;0.240347   ;0.480693   0.206137   0.123588
1042   ;0.240347   ;0.480693   0.206137   0.123588
1043   ;0.240347   ;0.480693   0.206137   0.123588
1044   ;0.240346   ;0.480693   0.206137   0.123588
1045   ;0.240347   ;0.480693   0.206137   0.123588
1046   ;0.240347   ;0.480693   0.206137   0.123588
1047   ;0.240347   ;0.480694   0.206137   0.123589
1048   ;0.240347   ;0.480693   0.206137   0.123588
1049   ;0.240347   ;0.480693   0.206137   0.123588
1050   ;0.240347   ;0.480693   0.206137   0.123588
1051   ;0.240346   ;0.480691   0.206136   0.123588
1052   ;0.240346   ;0.480693   0.206137   0.123588
1053   ;0.240347   ;0.480693   0.206137   0.123588
1054   ;0.240346   ;0.480693   0.206137   0.123588
1055   ;0.240346   ;0.480692   0.206136   0.123588
1056   ;0.240347   ;0.480694   0.206137   0.123588
1057   ;0.240346   ;0.480693   0.206137   0.123588
1058   ;0.240347   ;0.480693   0.206137   0.123588
1059   ;0.240346   ;0.480692   0.206136   0.123588
1060   ;0.240346   ;0.480692   0.206136   0.123588
1061   ;0.240347   ;0.480693   0.206137   0.123588
1062   ;0.240346   ;0.480693   0.206137   0.123588
1063   ;0.240347   ;0.480694   0.206137   0.123589
1064   ;0.240347   ;0.480693   0.206137   0.123588
1065   ;0.240346   ;0.480693   0.206137   0.123588
1066   ;0.240347   ;0.480693   0.206137   0.123588
1067   ;0.240347   ;0.480693   0.206137   0.123588
1068   ;0.240346   ;0.480693   0.206137   0.123588
1069   ;0.240347   ;0.480693   0.206137   0.123588
1070   ;0.240347   ;0.480693   0.206137   0.123588
1071   ;0.240347   ;0.480693   0.206137   0.123588
1072   ;0.240347   ;0.480693   0.206137   0.123588
1073   ;0.240347   ;0.480693   0.206137   0.123588
1074   ;0.240346   ;0.480693   0.206137   0.123588
1075   ;0.240346   ;0.480693   0.206137   0.123588
1076   ;0.240346   ;0.480693   0.206137   0.123588
1077   ;0.240346   ;0.480693   0.206137   0.123588
1078   ;0.240346   ;0.480692   0.206136   0.123588
1079   ;0.240347   ;0.480694   0.206137   0.123589
1080   ;0.240347   ;0.480694   0.206137   0.123589
1081   ;0.240346   ;0.480693   0.206137   0.123588
1082   ;0.240346   ;0.480692   0.206136   0.123588
1083   ;0.240347   ;0.480693   0.206137   0.123588
1084   ;0.240346   ;0.480693   0.206137   0.123588
1085   ;0.240346   ;0.480693   0.206137   0.123588
1086   ;0.240346   ;0.480692   0.206136   0.123588
1087   ;0.240347   ;0.480693   0.206137   0.123588
1088   ;0.240347   ;0.480693   0.206137   0.123588
1089   ;0.240347   ;0.480693   0.206137   0.123588
1090   ;0.240346   ;0.480693   0.206137   0.123588
1091   ;0.240346   ;0.480691   0.206136   0.123588
1092   ;0.240346   ;0.480692   0.206136   0.123588
1093   ;0.240346   ;0.480693   0.206137   0.123588
1094   ;0.240346   ;0.480693   0.206137   0.123588
1095   ;0.240347   ;0.480693   0.206137   0.123588
1096   ;0.240347   ;0.480693   0.206137   0.123588
1097   ;0.240347   ;0.480693   0.206137   0.123588
1098   ;0.240346   ;0.480692   0.206136   0.123588
1099   ;0.240347   ;0.480693   0.206137   0.123588
1100   ;0.240347   ;0.480693   0.206137   0.123588
1101   ;0.240346   ;0.480693   0.206137   0.123588
1102   ;0.240346   ;0.480693   0.206137   0.123588
1103   ;0.240347   ;0.480693   0.206137   0.123588
1104   ;0.240347   ;0.480693   0.206137   0.123588
1105   ;0.240346   ;0.480693   0.206137   0.123588
1106   ;0.240347   ;0.480693   0.206137   0.123588
1107   ;0.240347   ;0.480694   0.206137   0.123588
1108   ;0.240347   ;0.480693   0.206137   0.123588
1109   ;0.240347   ;0.480693   0.206137   0.123588
1110   ;0.240346   ;0.480692   0.206136   0.123588
1111   ;0.240347   ;0.480693   0.206137   0.123588
1112   ;0.240347   ;0.480693   0.206137   0.123588
1113   ;0.240346   ;0.480693   0.206137   0.123588
1114   ;0.240347   ;0.480693   0.206137   0.123588
1115   ;0.240346   ;0.480691   0.206136   0.123588
1116   ;0.240347   ;0.480693   0.206137   0.123588
1117   ;0.240346   ;0.480693   0.206137   0.123588
1118   ;0.240347   ;0.480693   0.206137   0.123588
1119   ;0.240347   ;0.480693   0.206137   0.123588
1120   ;0.240347   ;0.480694   0.206137   0.123589
1121   ;0.240347   ;0.480694   0.206137   0.123589
1122   ;0.240347   ;0.480693   0.206137   0.123588
1123   ;0.240346   ;0.480693   0.206137   0.123588
1124   ;0.240347   ;0.480693   0.206137   0.123588
1125   ;0.240347   ;0.480693   0.206137   0.123588
1126   ;0.240347   ;0.480693   0.206137   0.123588
1127   ;0.240346   ;0.480692   0.206136   0.123588
1128   ;0.240347   ;0.480693   0.206137   0.123588
1129   ;0.240346   ;0.480693   0.206137   0.123588
1130   ;0.240346   ;0.480693   0.206137   0.123588
1131   ;0.240347   ;0.480693   0.206137   0.123588
1132   ;0.240347   ;0.480694   0.206137   0.123589
1133   ;0.240347   ;0.480693   0.206137   0.123588
1134   ;0.240347   ;0.480693   0.206137   0.123588
1135   ;0.240347   ;0.480693   0.206137   0.123588
1136   ;0.240347   ;0.480693   0.206137   0.123588
1137   ;0.240346   ;0.480693   0.206137   0.123588
1138   ;0.240346   ;0.480693   0.206137   0.123588
1139   ;0.240346   ;0.480692   0.206136   0.123588
1140   ;0.240347   ;0.480694   0.206137   0.123588
1141   ;0.240347   ;0.480693   0.206137   0.123588
1142   ;0.240346   ;0.480692   0.206136   0.123588
1143   ;0.240347   ;0.480693   0.206137   0.123588
1144   ;0.240347   ;0.480693   0.206137   0.123588
1145   ;0.240346   ;0.480692   0.206136   0.123588
1146   ;0.240347   ;0.480694   0.206137   0.123588
1147   ;0.240347   ;0.480693   0.206137   0.123588
1148   ;0.240346   ;0.480693   0.206137   0.123588
1149   ;0.240346   ;0.480693   0.206137   0.123588
1150   ;0.240347   ;0.480694   0.206137   0.123588
1151   ;0.240346   ;0.480693   0.206137   0.123588
1152   ;0.240347   ;0.480693   0.206137   0.123588
1153   ;0.240346   ;0.480693   0.206137   0.123588
1154   ;0.240347   ;0.480693   0.206137   0.123588
1155   ;0.240346   ;0.480693   0.206137   0.123588
1156   ;0.240346   ;0.480693   0.206137   0.123588
1157   ;0.240346   ;0.480693   0.206137   0.123588
1158   ;0.240346   ;0.480693   0.206137   0.123588
1159   ;0.240346   ;0.480692   0.206136   0.123588
1160   ;0.240347   ;0.480693   0.206137   0.123588
1161   ;0.240347   ;0.480693   0.206137   0.123588
1162   ;0.240346   ;0.480692   0.206136   0.123588
1163   ;0.240347   ;0.480693   0.206137   0.123588
1164   ;0.240346   ;0.480693   0.206137   0.123588
1165   ;0.240347   ;0.480693   0.206137   0.123588
1166   ;0.240346   ;0.480693   0.206137   0.123588
1167   ;0.240347   ;0.480693   0.206137   0.123588
1168   ;0.240347   ;0.480694   0.206137   0.123589
1169   ;0.240347   ;0.480693   0.206137   0.123588
1170   ;0.240347   ;0.480693   0.206137   0.123588
1171   ;0.240347   ;0.480694   0.206137   0.123589
1172   ;0.240347   ;0.480693   0.206137   0.123588
1173   ;0.240346   ;0.480693   0.206137   0.123588
1174   ;0.240347   ;0.480693   0.206137   0.123588
1175   ;0.240346   ;0.480693   0.206137   0.123588
1176   ;0.240347   ;0.480693   0.206137   0.123588
1177   ;0.240347   ;0.480693   0.206137   0.123588
1178   ;0.240346   ;0.480692   0.206136   0.123588
1179   ;0.240347   ;0.480694   0.206137   0.123589
1180   ;0.240347   ;0.480694   0.206137   0.123589
1181   ;0.240347   ;0.480693   0.206137   0.123588
1182   ;0.240346   ;0.480693   0.206137   0.123588
1183   ;0.240347   ;0.480693   0.206137   0.123588
1184   ;0.240346   ;0.480693   0.206137   0.123588
1185   ;0.240347   ;0.480693   0.206137   0.123588
1186   ;0.240347   ;0.480693   0.206137   0.123588
1187   ;0.240347   ;0.480693   0.206137   0.123588
1188   ;0.240347   ;0.480693   0.206137   0.123588
1189   ;0.240347   ;0.480693   0.206137   0.123588
1190   ;0.240347   ;0.480694   0.206137   0.123589
1191   ;0.240346   ;0.480693   0.206137   0.123588
1192   ;0.240346   ;0.480692   0.206136   0.123588
1193   ;0.240347   ;0.480694   0.206137   0.123589
1194   ;0.240346   ;0.480693   0.206137   0.123588
1195   ;0.240347   ;0.480693   0.206137   0.123588
1196   ;0.240346   ;0.480692   0.206136   0.123588
1197   ;0.240347   ;0.480694   0.206137   0.123589
1198   ;0.240347   ;0.480693   0.206137   0.123588
1199   ;0.240347   ;0.480694   0.206137   0.123589
1200   ;0.240347   ;0.480694   0.206137   0.123589
1201   ;0.240346   ;0.480692   0.206136   0.123588
1202   ;0.240346   ;0.480693   0.206137   0.123588
1203   ;0.240347   ;0.480693   0.206137   0.123588
1204   ;0.240347   ;0.480694   0.206137   0.123589
1205   ;0.240347   ;0.480694   0.206137   0.123589
1206   ;0.240347   ;0.480693   0.206137   0.123588
1207   ;0.240346   ;0.480692   0.206136   0.123588
1208   ;0.240347   ;0.480694   0.206137   0.123589
1209   ;0.240347   ;0.480694   0.206137   0.123588
1210   ;0.240346   ;0.480693   0.206137   0.123588
1211   ;0.240347   ;0.480693   0.206137   0.123588
1212   ;0.240347   ;0.480693   0.206137   0.123588
1213   ;0.240346   ;0.480693   0.206137   0.123588
1214   ;0.240347   ;0.480693   0.206137   0.123588
1215   ;0.240347   ;0.480693   0.206137   0.123588
1216   ;0.240347   ;0.480693   0.206137   0.123588
1217   ;0.240346   ;0.480692   0.206136   0.123588
1218   ;0.240347   ;0.480693   0.206137   0.123588
1219   ;0.240347   ;0.480693   0.206137   0.123588
1220   ;0.240347   ;0.480693   0.206137   0.123588
1221   ;0.240347   ;0.480693   0.206137   0.123588
1222   ;0.240347   ;0.480693   0.206137   0.123588
1223   ;0.240347   ;0.480693   0.206137   0.123588
1224   ;0.240346   ;0.480692   0.206136   0.123588
1225   ;0.240347   ;0.480693   0.206137   0.123588
1226   ;0.240346   ;0.480692   0.206136   0.123588
1227   ;0.240346   ;0.480693   0.206137   0.123588
1228   ;0.240346   ;0.480692   0.206136   0.123588
1229   ;0.240347   ;0.480694   0.206137   0.123589
1230   ;0.240346   ;0.480693   0.206137   0.123588
1231   ;0.240347   ;0.480693   0.206137   0.123588
1232   ;0.240346   ;0.480692   0.206136   0.123588
1233   ;0.240347   ;0.480693   0.206137   0.123588
1234   ;0.240347   ;0.480694   0.206137   0.123589
1235   ;0.240347   ;0.480693   0.206137   0.123588
1236   ;0.240346   ;0.480692   0.206136   0.123588
1237   ;0.240346   ;0.480692   0.206136   0.123588
1238   ;0.240347   ;0.480693   0.206137   0.123588
1239   ;0.240347   ;0.480693   0.206137   0.123588
1240   ;0.240346   ;0.480693   0.206137   0.123588
1241   ;0.240347   ;0.480694   0.206137   0.123589
1242   ;0.240347   ;0.480694   0.206137   0.123589
1243   ;0.240347   ;0.480694   0.206137   0.123589
1244   ;0.240347   ;0.480695   0.206138   0.123589
1245   ;0.240347   ;0.480693   0.206137   0.123588
1246   ;0.240347   ;0.480695   0.206138   0.123589
1247   ;0.240346   ;0.480693   0.206137   0.123588
1248   ;0.240346   ;0.480692   0.206136   0.123588
1249   ;0.240347   ;0.480694   0.206137   0.123589
1250   ;0.240346   ;0.480693   0.206137   0.123588
1251   ;0.240347   ;0.480694   0.206137   0.123589
1252   ;0.240347   ;0.480693   0.206137   0.123588
1253   ;0.240347   ;0.480695   0.206137   0.123589
1254   ;0.240347   ;0.480693   0.206137   0.123588
1255   ;0.240347   ;0.480693   0.206137   0.123588
1256   ;0.240346   ;0.480693   0.206137   0.123588
1257   ;0.240346   ;0.480693   0.206137   0.123588
1258   ;0.240347   ;0.480694   0.206137   0.123589
1259   ;0.240346   ;0.480693   0.206137   0.123588
1260   ;0.240347   ;0.480694   0.206137   0.123589
1261   ;0.240346   ;0.480692   0.206136   0.123588
1262   ;0.240347   ;0.480694   0.206137   0.123589
1263   ;0.240347   ;0.480694   0.206137   0.123589
1264   ;0.240346   ;0.480693   0.206137   0.123588
1265   ;0.240347   ;0.480693   0.206137   0.123588
1266   ;0.240346   ;0.480692   0.206136   0.123588
1267   ;0.240346   ;0.480692   0.206136   0.123588
1268   ;0.240347   ;0.480694   0.206137   0.123589
1269   ;0.240347   ;0.480693   0.206137   0.123588
1270   ;0.240347   ;0.480693   0.206137   0.123588
1271   ;0.240347   ;0.480693   0.206137   0.123588
1272   ;0.240346   ;0.480693   0.206137   0.123588
1273   ;0.240347   ;0.480693   0.206137   0.123588
1274   ;0.240347   ;0.480693   0.206137   0.123588
1275   ;0.240347   ;0.480693   0.206137   0.123588
1276   ;0.240347   ;0.480693   0.206137   0.123588
1277   ;0.240346   ;0.480692   0.206136   0.123588
1278   ;0.240347   ;0.480694   0.206137   0.123589
1279   ;0.240347   ;0.480693   0.206137   0.123588
1280   ;0.240346   ;0.480693   0.206137   0.123588
1281   ;0.240347   ;0.480694   0.206137   0.123589
1282   ;0.240346   ;0.480693   0.206137   0.123588
1283   ;0.240347   ;0.480693   0.206137   0.123588
1284   ;0.240347   ;0.480694   0.206137   0.123588
1285   ;0.240346   ;0.480692   0.206136   0.123588
1286   ;0.240346   ;0.480693   0.206137   0.123588
1287   ;0.240347   ;0.480693   0.206137   0.123588
1288   ;0.240346   ;0.480692   0.206136   0.123588
1289   ;0.240346   ;0.480693   0.206137   0.123588
1290   ;0.240347   ;0.480693   0.206137   0.123588
1291   ;0.240347   ;0.480693   0.206137   0.123588
1292   ;0.240347   ;0.480693   0.206137   0.123588
1293   ;0.240346   ;0.480693   0.206137   0.123588
1294   ;0.240346   ;0.480693   0.206137   0.123588
1295   ;0.240346   ;0.480693   0.206137   0.123588
1296   ;0.240347   ;0.480694   0.206137   0.123589
1297   ;0.240347   ;0.480694   0.206137   0.123589
1298   ;0.240347   ;0.480693   0.206137   0.123588
1299   ;0.240347   ;0.480694   0.206137   0.123589
1300   ;0.240346   ;0.480693   0.206137   0.123588
1301   ;0.240347   ;0.480693   0.206137   0.123588
1302   ;0.240346   ;0.480692   0.206136   0.123588
1303   ;0.240346   ;0.480693   0.206137   0.123588
1304   ;0.240347   ;0.480693   0.206137   0.123588
1305   ;0.240347   ;0.480693   0.206137   0.123588
1306   ;0.240347   ;0.480693   0.206137   0.123588
1307   ;0.240347   ;0.480693   0.206137   0.123588
1308   ;0.240346   ;0.480693   0.206137   0.123588
1309   ;0.240346   ;0.480693   0.206137   0.123588
1310   ;0.240346   ;0.480693   0.206137   0.123588
1311   ;0.240347   ;0.480694   0.206137   0.123589
1312   ;0.240347   ;0.480693   0.206137   0.123588
1313   ;0.240347   ;0.480694   0.206137   0.123589
1314   ;0.240347   ;0.480694   0.206137   0.123589
1315   ;0.240346   ;0.480693   0.206137   0.123588
1316   ;0.240346   ;0.480692   0.206136   0.123588
1317   ;0.240347   ;0.480693   0.206137   0.123588
1318   ;0.240347   ;0.480693   0.206137   0.123588
1319   ;0.240346   ;0.480693   0.206137   0.123588
1320   ;0.240347   ;0.480693   0.206137   0.123588
1321   ;0.240347   ;0.480693   0.206137   0.123588
1322   ;0.240347   ;0.480693   0.206137   0.123588
1323   ;0.240347   ;0.480693   0.206137   0.123588
1324   ;0.240347   ;0.480693   0.206137   0.123588
1325   ;0.240346   ;0.480692   0.206136   0.123588
1326   ;0.240347   ;0.480693   0.206137   0.123588
1327   ;0.240346   ;0.480693   0.206137   0.123588
1328   ;0.240347   ;0.480693   0.206137   0.123588
1329   ;0.240347   ;0.480693   0.206137   0.123588
1330   ;0.240346   ;0.480693   0.206137   0.123588
1331   ;0.240346   ;0.480692   0.206136   0.123588
1332   ;0.240346   ;0.480692   0.206136   0.123588
1333   ;0.240346   ;0.480692   0.206136   0.123588
1334   ;0.240346   ;0.480692   0.206136   0.123588
1335   ;0.240347   ;0.480694   0.206137   0.123589
1336   ;0.240347   ;0.480694   0.206137   0.123589
1337   ;0.240347   ;0.480694   0.206137   0.123589
1338   ;0.240347   ;0.480693   0.206137   0.123588
1339   ;0.240346   ;0.480692   0.206136   0.123588
1340   ;0.240347   ;0.480695   0.206137   0.123589
1341   ;0.240347   ;0.480693   0.206137   0.123588
1342   ;0.240346   ;0.480693   0.206137   0.123588
1343   ;0.240346   ;0.480692   0.206136   0.123588
1344   ;0.240347   ;0.480693   0.206137   0.123588
1345   ;0.240346   ;0.480692   0.206136   0.123588
1346   ;0.240347   ;0.480693   0.206137   0.123588
1347   ;0.240347   ;0.480694   0.206137   0.123589
1348   ;0.240346   ;0.480693   0.206137   0.123588
1349   ;0.240346   ;0.480693   0.206137   0.123588
1350   ;0.240346   ;0.480692   0.206136   0.123588
1351   ;0.240347   ;0.480693   0.206137   0.123588
1352   ;0.240347   ;0.480695   0.206137   0.123589
1353   ;0.240347   ;0.480693   0.206137   0.123588
1354   ;0.240346   ;0.480693   0.206137   0.123588
1355   ;0.240346   ;0.480693   0.206137   0.123588
1356   ;0.240346   ;0.480693   0.206137   0.123588
1357   ;0.240346   ;0.480693   0.206137   0.123588
1358   ;0.240346   ;0.480692   0.206136   0.123588
1359   ;0.240346   ;0.480693   0.206137   0.123588
1360   ;0.240346   ;0.480692   0.206136   0.123588
1361   ;0.240346   ;0.480693   0.206137   0.123588
1362   ;0.240346   ;0.480693   0.206137   0.123588
1363   ;0.240346   ;0.480692   0.206136   0.123588
1364   ;0.240347   ;0.480693   0.206137   0.123588
1365   ;0.240346   ;0.480693   0.206137   0.123588
1366   ;0.240347   ;0.480693   0.206137   0.123588
1367   ;0.240347   ;0.480693   0.206137   0.123588
1368   ;0.240346   ;0.480692   0.206136   0.123588
1369   ;0.240347   ;0.480694   0.206137   0.123588
1370   ;0.240347   ;0.480693   0.206137   0.123588
1371   ;0.240347   ;0.480693   0.206137   0.123588
1372   ;0.240346   ;0.480693   0.206137   0.123588
1373   ;0.240347   ;0.480693   0.206137   0.123588
1374   ;0.240347   ;0.480693   0.206137   0.123588
1375   ;0.240347   ;0.480693   0.206137   0.123588
1376   ;0.240347   ;0.480693   0.206137   0.123588
1377   ;0.240346   ;0.480692   0.206136   0.123588
1378   ;0.240346   ;0.480693   0.206137   0.123588
1379   ;0.240346   ;0.480693   0.206137   0.123588
1380   ;0.240347   ;0.480693   0.206137   0.123588
1381   ;0.240346   ;0.480693   0.206137   0.123588
1382   ;0.240347   ;0.480693   0.206137   0.123588
1383   ;0.240346   ;0.480693   0.206137   0.123588
1384   ;0.240347   ;0.480693   0.206137   0.123588
1385   ;0.240346   ;0.480693   0.206137   0.123588
1386   ;0.240347   ;0.480693   0.206137   0.123588
1387   ;0.240346   ;0.480693   0.206137   0.123588
1388   ;0.240346   ;0.480693   0.206137   0.123588
1389   ;0.240346   ;0.480693   0.206137   0.123588
1390   ;0.240347   ;0.480693   0.206137   0.123588
1391   ;0.240347   ;0.480693   0.206137   0.123588
1392   ;0.240346   ;0.480693   0.206137   0.123588
1393   ;0.240346   ;0.480693   0.206137   0.123588
1394   ;0.240347   ;0.480693   0.206137   0.123588
1395   ;0.240347   ;0.480693   0.206137   0.123588
1396   ;0.240347   ;0.480693   0.206137   0.123588
1397   ;0.240346   ;0.480693   0.206137   0.123588
1398   ;0.240346   ;0.480693   0.206137   0.123588
1399   ;0.240346   ;0.480692   0.206136   0.123588
1400   ;0.243751   ;0.487503   0.211877   0.120511
1401   ;0.243751   ;0.487503   0.211877   0.120511
1402   ;0.243751   ;0.487503   0.211877   0.120511
1403   ;0.243751   ;0.487503   0.211877   0.120511
1404   ;0.243751   ;0.487502   0.211876   0.120511
1405   ;0.243750   ;0.487501   0.211876   0.120511
1406   ;0.243751   ;0.487502   0.211877   0.120511
1407   ;0.243751   ;0.487502   0.211876   0.120511
1408   ;0.243751   ;0.487503   0.211877   0.120511
1409   ;0.243751   ;0.487502   0.211877   0.120511
1410   ;0.243752   ;0.487504   0.211877   0.120511
1411   ;0.243751   ;0.487503   0.211877   0.120511
1412   ;0.243751   ;0.487502   0.211877   0.120511
1413   ;0.243751   ;0.487502   0.211877   0.120511
1414   ;0.243752   ;0.487503   0.211877   0.120511
1415   ;0.243751   ;0.487502   0.211877   0.120511
1416   ;0.243751   ;0.487502   0.211877   0.120511
1417   ;0.243751   ;0.487502   0.211877   0.120511
1418   ;0.243751   ;0.487503   0.211877   0.120511
1419   ;0.243751   ;0.487503   0.211877   0.120511
1420   ;0.243750   ;0.487501   0.211876   0.120511
1421   ;0.243752   ;0.487504   0.211877   0.120511
1422   ;0.243752   ;0.487504   0.211877   0.120511
1423   ;0.243751   ;0.487502   0.211877   0.120511
1424   ;0.243751   ;0.487502   0.211877   0.120511
1425   ;0.243751   ;0.487502   0.211877   0.120511
1426   ;0.243751   ;0.487502   0.211877   0.120511
1427   ;0.243750   ;0.487501   0.211876   0.120511
1428   ;0.243751   ;0.487502   0.211877   0.120511
1429   ;0.243751   ;0.487502   0.211876   0.120511
1430   ;0.243751   ;0.487501   0.211876   0.120511
1431   ;0.243750   ;0.487501   0.211876   0.120511
1432   ;0.243752   ;0.487503   0.211877   0.120511
1433   ;0.243751   ;0.487502   0.211877   0.120511
1434   ;0.243751   ;0.487503   0.211877   0.120511
1435   ;0.243751   ;0.487502   0.211877   0.120511
1436   ;0.243751   ;0.487502   0.211877   0.120511
1437   ;0.243751   ;0.487503   0.211877   0.120511
1438   ;0.243752   ;0.487503   0.211877   0.120511
1439   ;0.243752   ;0.487504   0.211877   0.120511
1440   ;0.243751   ;0.487502   0.211877   0.120511
1441   ;0.243751   ;0.487503   0.211877   0.120511
1442   ;0.243751   ;0.487503   0.211877   0.120511
1443   ;0.243751   ;0.487503   0.211877   0.120511
1444   ;0.243751   ;0.487503   0.211877   0.120511
1445   ;0.243750   ;0.487501   0.211876   0.120511
1446   ;0.243752   ;0.487504   0.211877   0.120511
1447   ;0.243750   ;0.487501   0.211876   0.120511
1448   ;0.243751   ;0.487502   0.211877   0.120511
1449   ;0.243751   ;0.487502   0.211877   0.120511
1450   ;0.245843   ;0.491686   0.213695   0.121545
1451   ;0.245844   ;0.491687   0.213696   0.121545
1452   ;0.245844   ;0.491687   0.213696   0.121545
1453   ;0.245844   ;0.491688   0.213696   0.121546
1454   ;0.245843   ;0.491686   0.213695   0.121545
1455   ;0.245843   ;0.491686   0.213695   0.121545
1456   ;0.245843   ;0.491686   0.213695   0.121545
1457   ;0.245844   ;0.491688   0.213696   0.121546
1458   ;0.245843   ;0.491687   0.213695   0.121545
1459   ;0.245844   ;0.491687   0.213696   0.121546
1460   ;0.245843   ;0.491686   0.213695   0.121545
1461   ;0.245843   ;0.491687   0.213695   0.121545
1462   ;0.245843   ;0.491687   0.213695   0.121545
1463   ;0.245844   ;0.491687   0.213696   0.121545
1464   ;0.245844   ;0.491687   0.213696   0.121545
1465   ;0.245843   ;0.491687   0.213695   0.121545
1466   ;0.245844   ;0.491688   0.213696   0.121546
1467   ;0.245844   ;0.491688   0.213696   0.121546
1468   ;0.245843   ;0.491686   0.213695   0.121545
1469   ;0.245843   ;0.491686   0.213695   0.121545
1470   ;0.245844   ;0.491688   0.213696   0.121546
1471   ;0.245843   ;0.491686   0.213695   0.121545
1472   ;0.245843   ;0.491686   0.213695   0.121545
1473   ;0.245843   ;0.491686   0.213695   0.121545
1474   ;0.245844   ;0.491688   0.213696   0.121546
1475   ;0.245844   ;0.491689   0.213696   0.121546
1476   ;0.245843   ;0.491687   0.213695   0.121545
1477   ;0.245844   ;0.491688   0.213696   0.121546
1478   ;0.245844   ;0.491688   0.213696   0.121546
1479   ;0.245844   ;0.491688   0.213696   0.121546
1480   ;0.245844   ;0.491689   0.213696   0.121546
1481   ;0.245844   ;0.491688   0.213696   0.121546
1482   ;0.245843   ;0.491687   0.213695   0.121545
1483   ;0.245844   ;0.491687   0.213696   0.121545
1484   ;0.245844   ;0.491687   0.213696   0.121545
1485   ;0.245843   ;0.491687   0.213695   0.121545
1486   ;0.245843   ;0.491687   0.213695   0.121545
1487   ;0.245844   ;0.491687   0.213696   0.121545
1488   ;0.245844   ;0.491688   0.213696   0.121546
1489   ;0.245844   ;0.491687   0.213696   0.121545
1490   ;0.245844   ;0.491687   0.213696   0.121545
1491   ;0.245844   ;0.491687   0.213696   0.121545
1492   ;0.245843   ;0.491687   0.213695   0.121545
1493   ;0.245843   ;0.491687   0.213695   0.121545
1494   ;0.245843   ;0.491687   0.213695   0.121545
1495   ;0.245843   ;0.491686   0.213695   0.121545
1496   ;0.245844   ;0.491688   0.213696   0.121546
1497   ;0.245844   ;0.491688   0.213696   0.121546
1498   ;0.245844   ;0.491688   0.213696   0.121546
1499   ;0.245844   ;0.491688   0.213696   0.121546
1500   ;0.243751   ;0.487502   0.211877   0.120511
1501   ;0.243752   ;0.487503   0.211877   0.120511
1502   ;0.243750   ;0.487501   0.211876   0.120511
1503   ;0.243751   ;0.487502   0.211877   0.120511
1504   ;0.243751   ;0.487503   0.211877   0.120511
1505   ;0.243751   ;0.487502   0.211877   0.120511
1506   ;0.243752   ;0.487504   0.211878   0.120511
1507   ;0.243751   ;0.487503   0.211877   0.120511
1508   ;0.243751   ;0.487503   0.211877   0.120511
1509   ;0.243751   ;0.487503   0.211877   0.120511
1510   ;0.243751   ;0.487502   0.211877   0.120511
1511   ;0.243751   ;0.487503   0.211877   0.120511
1512   ;0.243751   ;0.487502   0.211877   0.120511
1513   ;0.243750   ;0.487501   0.211876   0.120511
1514   ;0.243751   ;0.487503   0.211877   0.120511
1515   ;0.243751   ;0.487501   0.211876   0.120511
1516   ;0.243751   ;0.487503   0.211877   0.120511
1517   ;0.243752   ;0.487503   0.211877   0.120511
1518   ;0.243751   ;0.487503   0.211877   0.120511
1519   ;0.243751   ;0.487502   0.211877   0.120511
1520   ;0.243751   ;0.487502   0.211877   0.120511
1521   ;0.243751   ;0.487503   0.211877   0.120511
1522   ;0.243751   ;0.487502   0.211876   0.120511
1523   ;0.243752   ;0.487504   0.211877   0.120511
1524   ;0.243751   ;0.487501   0.211876   0.120511
1525   ;0.243751   ;0.487502   0.211877   0.120511
1526   ;0.243751   ;0.487502   0.211877   0.120511
1527   ;0.243751   ;0.487503   0.211877   0.120511
1528   ;0.243751   ;0.487503   0.211877   0.120511
1529   ;0.243751   ;0.487503   0.211877   0.120511
1530   ;0.243751   ;0.487503   0.211877   0.120511
1531   ;0.243751   ;0.487503   0.211877   0.120511
1532   ;0.243751   ;0.487502   0.211877   0.120511
1533   ;0.243751   ;0.487502   0.211876   0.120511
1534   ;0.243752   ;0.487504   0.211877   0.120511
1535   ;0.243751   ;0.487503   0.211877   0.120511
1536   ;0.243751   ;0.487501   0.211876   0.120511
1537   ;0.243752   ;0.487504   0.211877   0.120511
1538   ;0.243751   ;0.487502   0.211877   0.120511
1539   ;0.243751   ;0.487503   0.211877   0.120511
1540   ;0.243751   ;0.487501   0.211876   0.120511
1541   ;0.243750   ;0.487501   0.211876   0.120511
1542   ;0.243752   ;0.487503   0.211877   0.120511
1543   ;0.243752   ;0.487504   0.211877   0.120511
1544   ;0.243752   ;0.487504   0.211877   0.120511
1545   ;0.243751   ;0.487502   0.211877   0.120511
1546   ;0.243751   ;0.487502   0.211877   0.120511
1547   ;0.243752   ;0.487503   0.211877   0.120511
1548   ;0.243752   ;0.487503   0.211877   0.120511
1549   ;0.243750   ;0.487501   0.211876   0.120511
1550   ;0.243752   ;0.487503   0.211877   0.120511
1551   ;0.243751   ;0.487503   0.211877   0.120511
1552   ;0.243751   ;0.487502   0.211876   0.120511
1553   ;0.243751   ;0.487502   0.211876   0.120511
1554   ;0.243751   ;0.487502   0.211877   0.120511
1555   ;0.243751   ;0.487502   0.211877   0.120511
1556   ;0.243751   ;0.487503   0.211877   0.120511
1557   ;0.243750   ;0.487501   0.211876   0.120511
1558   ;0.243750   ;0.487501   0.211876   0.120511
1559   ;0.243751   ;0.487501   0.211876   0.120511
1560   ;0.243751   ;0.487502   0.211876   0.120511
1561   ;0.243751   ;0.487502   0.211876   0.120511
1562   ;0.243751   ;0.487502   0.211877   0.120511
1563   ;0.243751   ;0.487502   0.211877   0.120511
1564   ;0.243751   ;0.487503   0.211877   0.120511
1565   ;0.243751   ;0.487502   0.211877   0.120511
1566   ;0.243751   ;0.487502   0.211877   0.120511
1567   ;0.243752   ;0.487504   0.211877   0.120511
1568   ;0.243751   ;0.487503   0.211877   0.120511
1569   ;0.243751   ;0.487502   0.211877   0.120511
1570   ;0.243751   ;0.487502   0.211877   0.120511
1571   ;0.243751   ;0.487502   0.211877   0.120511
1572   ;0.243750   ;0.487501   0.211876   0.120511
1573   ;0.243751   ;0.487502   0.211877   0.120511
1574   ;0.243751   ;0.487502   0.211877   0.120511
1575   ;0.243751   ;0.487503   0.211877   0.120511
1576   ;0.243752   ;0.487504   0.211877   0.120511
1577   ;0.243751   ;0.487503   0.211877   0.120511
1578   ;0.243751   ;0.487501   0.211876   0.120511
1579   ;0.243751   ;0.487502   0.211877   0.120511
1580   ;0.243751   ;0.487502   0.211877   0.120511
1581   ;0.243752   ;0.487503   0.211877   0.120511
1582   ;0.243751   ;0.487502   0.211877   0.120511
1583   ;0.243751   ;0.487503   0.211877   0.120511
1584   ;0.243751   ;0.487502   0.211876   0.120511
1585   ;0.243750   ;0.487501   0.211876   0.120511
1586   ;0.243751   ;0.487503   0.211877   0.120511
1587   ;0.243751   ;0.487501   0.211876   0.120511
1588   ;0.243751   ;0.487503   0.211877   0.120511
1589   ;0.243751   ;0.487502   0.211877   0.120511
1590   ;0.243751   ;0.487502   0.211876   0.120511
1591   ;0.243751   ;0.487502   0.211877   0.120511
1592   ;0.243750   ;0.487501   0.211876   0.120511
1593   ;0.243751   ;0.487502   0.211876   0.120511
1594   ;0.243752   ;0.487503   0.211877   0.120511
1595   ;0.243751   ;0.487502   0.211877   0.120511
1596   ;0.243751   ;0.487502   0.211876   0.120511
1597   ;0.243751   ;0.487503   0.211877   0.120511
1598   ;0.243751   ;0.487501   0.211876   0.120511
1599   ;0.243752   ;0.487504   0.211878   0.120511
1600   ;0.132772   ;0.265544    9.67750E-02    9.09014E-02
1601   ;0.132772   ;0.265544    9.67747E-02    9.09012E-02
1602   ;0.132772   ;0.265544    9.67749E-02    9.09013E-02
1603   ;0.132772   ;0.265543    9.67745E-02    9.09009E-02
1604   ;0.132772   ;0.265544    9.67749E-02    9.09013E-02
1605   ;0.132771   ;0.265543    9.67743E-02    9.09008E-02
1606   ;0.132771   ;0.265543    9.67743E-02    9.09008E-02
1607   ;0.132772   ;0.265544    9.67746E-02    9.09011E-02
1608   ;0.132771   ;0.265543    9.67743E-02    9.09008E-02
1609   ;0.132772   ;0.265545    9.67751E-02    9.09015E-02
1610   ;0.132771   ;0.265543    9.67744E-02    9.09009E-02
1611   ;0.132772   ;0.265544    9.67748E-02    9.09013E-02
1612   ;0.132772   ;0.265544    9.67748E-02    9.09013E-02
1613   ;0.132772   ;0.265545    9.67752E-02    9.09016E-02
1614   ;0.132771   ;0.265543    9.67744E-02    9.09008E-02
1615   ;0.132772   ;0.265544    9.67749E-02    9.09013E-02
1616   ;0.132772   ;0.265544    9.67746E-02    9.09011E-02
1617   ;0.132772   ;0.265544    9.67747E-02    9.09012E-02
1618   ;0.132772   ;0.265544    9.67748E-02    9.09013E-02
1619   ;0.132772   ;0.265544    9.67747E-02    9.09012E-02
1620   ;0.132772   ;0.265544    9.67747E-02    9.09012E-02
1621   ;0.132772   ;0.265544    9.67747E-02    9.09012E-02
1622   ;0.132772   ;0.265545    9.67752E-02    9.09016E-02
1623   ;0.132772   ;0.265544    9.67749E-02    9.09013E-02
1624   ;0.132772   ;0.265543    9.67746E-02    9.09010E-02
1625   ;0.132772   ;0.265544    9.67747E-02    9.09012E-02
1626   ;0.132772   ;0.265545    9.67751E-02    9.09015E-02
1627   ;0.132772   ;0.265543    9.67745E-02    9.09009E-02
1628   ;0.132772   ;0.265544    9.67749E-02    9.09013E-02
1629   ;0.132772   ;0.265545    9.67751E-02    9.09015E-02
1630   ;0.132772   ;0.265544    9.67748E-02    9.09013E-02
1631   ;0.132772   ;0.265544    9.67747E-02    9.09012E-02
1632   ;0.132772   ;0.265544    9.67747E-02    9.09012E-02
1633   ;0.132772   ;0.265543    9.67745E-02    9.09009E-02
1634   ;0.132772   ;0.265544    9.67748E-02    9.09013E-02
1635   ;0.132772   ;0.265544    9.67747E-02    9.09012E-02
1636   ;0.132772   ;0.265544    9.67747E-02    9.09012E-02
1637   ;0.132772   ;0.265544    9.67747E-02    9.09012E-02
1638   ;0.132772   ;0.265545    9.67752E-02    9.09016E-02
1639   ;0.132772   ;0.265543    9.67745E-02    9.09009E-02
1640   ;0.132772   ;0.265544    9.67747E-02    9.09012E-02
1641   ;0.132772   ;0.265544    9.67746E-02    9.09011E-02
1642   ;0.132772   ;0.265544    9.67749E-02    9.09013E-02
1643   ;0.132772   ;0.265545    9.67752E-02    9.09016E-02
1644   ;0.132772   ;0.265544    9.67750E-02    9.09014E-02
1645   ;0.132772   ;0.265543    9.67745E-02    9.09010E-02
1646   ;0.132772   ;0.265544    9.67747E-02    9.09012E-02
1647   ;0.132772   ;0.265544    9.67750E-02    9.09014E-02
1648   ;0.132772   ;0.265543    9.67745E-02    9.09009E-02
1649   ;0.132772   ;0.265545    9.67751E-02    9.09015E-02
1650   ;0.122301   ;0.244602    8.91426E-02    8.37323E-02
1651   ;0.122300   ;0.244601    8.91422E-02    8.37319E-02
1652   ;0.122300   ;0.244601    8.91423E-02    8.37320E-02
1653   ;0.122300   ;0.244601    8.91423E-02    8.37320E-02
1654   ;0.122301   ;0.244602    8.91426E-02    8.37323E-02
1655   ;0.122300   ;0.244601    8.91423E-02    8.37320E-02
1656   ;0.122300   ;0.244601    8.91423E-02    8.37320E-02
1657   ;0.122300   ;0.244601    8.91423E-02    8.37320E-02
1658   ;0.122300   ;0.244601    8.91423E-02    8.37320E-02
1659   ;0.122300   ;0.244600    8.91420E-02    8.37317E-02
1660   ;0.122301   ;0.244601    8.91424E-02    8.37321E-02
1661   ;0.122300   ;0.244601    8.91423E-02    8.37320E-02
1662   ;0.122300   ;0.244601    8.91423E-02    8.37320E-02
1663   ;0.122301   ;0.244602    8.91426E-02    8.37323E-02
1664   ;0.122301   ;0.244601    8.91424E-02    8.37321E-02
1665   ;0.122300   ;0.244600    8.91422E-02    8.37319E-02
1666   ;0.122300   ;0.244600    8.91419E-02    8.37316E-02
1667   ;0.122301   ;0.244601    8.91425E-02    8.37322E-02
1668   ;0.122301   ;0.244602    8.91427E-02    8.37324E-02
1669   ;0.122301   ;0.244601    8.91424E-02    8.37321E-02
1670   ;0.122301   ;0.244602    8.91426E-02    8.37323E-02
1671   ;0.122301   ;0.244601    8.91425E-02    8.37322E-02
1672   ;0.122301   ;0.244601    8.91425E-02    8.37322E-02
1673   ;0.122300   ;0.244600    8.91419E-02    8.37316E-02
1674   ;0.122300   ;0.244600    8.91419E-02    8.37316E-02
1675   ;0.122300   ;0.244601    8.91422E-02    8.37319E-02
1676   ;0.122300   ;0.244600    8.91419E-02    8.37316E-02
1677   ;0.122300   ;0.244600    8.91420E-02    8.37317E-02
1678   ;0.122300   ;0.244600    8.91419E-02    8.37316E-02
1679   ;0.122300   ;0.244600    8.91421E-02    8.37318E-02
1680   ;0.122301   ;0.244601    8.91424E-02    8.37321E-02
1681   ;0.122300   ;0.244600    8.91420E-02    8.37317E-02
1682   ;0.122300   ;0.244601    8.91422E-02    8.37319E-02
1683   ;0.122300   ;0.244601    8.91422E-02    8.37319E-02
1684   ;0.122301   ;0.244602    8.91428E-02    8.37324E-02
1685   ;0.122301   ;0.244602    8.91428E-02    8.37325E-02
1686   ;0.122300   ;0.244601    8.91423E-02    8.37320E-02
1687   ;0.122301   ;0.244601    8.91424E-02    8.37321E-02
1688   ;0.122300   ;0.244601    8.91422E-02    8.37319E-02
1689   ;0.122300   ;0.244601    8.91423E-02    8.37320E-02
1690   ;0.122300   ;0.244601    8.91423E-02    8.37320E-02
1691   ;0.122300   ;0.244601    8.91423E-02    8.37320E-02
1692   ;0.122300   ;0.244601    8.91423E-02    8.37320E-02
1693   ;0.122300   ;0.244601    8.91423E-02    8.37320E-02
1694   ;0.122300   ;0.244601    8.91423E-02    8.37320E-02
1695   ;0.122300   ;0.244600    8.91421E-02    8.37318E-02
1696   ;0.122300   ;0.244600    8.91421E-02    8.37318E-02
1697   ;0.122300   ;0.244600    8.91419E-02    8.37316E-02
1698   ;0.122300   ;0.244601    8.91422E-02    8.37319E-02
1699   ;0.122300   ;0.244600    8.91420E-02    8.37317E-02
1700   ;0.124465   ;0.248930    9.07201E-02    8.52140E-02
1701   ;0.124465   ;0.248931    9.07203E-02    8.52142E-02
1702   ;0.124465   ;0.248931    9.07203E-02    8.52142E-02
1703   ;0.124465   ;0.248930    9.07199E-02    8.52138E-02
1704   ;0.124465   ;0.248929    9.07198E-02    8.52138E-02
1705   ;0.124466   ;0.248932    9.07207E-02    8.52146E-02
1706   ;0.124465   ;0.248931    9.07203E-02    8.52142E-02
1707   ;0.124465   ;0.248931    9.07202E-02    8.52142E-02
1708   ;0.124465   ;0.248930    9.07200E-02    8.52139E-02
1709   ;0.124465   ;0.248930    9.07200E-02    8.52139E-02
1710   ;0.124466   ;0.248931    9.07204E-02    8.52143E-02
1711   ;0.124465   ;0.248931    9.07203E-02    8.52142E-02
1712   ;0.124465   ;0.248931    9.07203E-02    8.52142E-02
1713   ;0.124466   ;0.248931    9.07204E-02    8.52143E-02
1714   ;0.124465   ;0.248929    9.07197E-02    8.52137E-02
1715   ;0.124466   ;0.248931    9.07205E-02    8.52144E-02
1716   ;0.124465   ;0.248930    9.07199E-02    8.52138E-02
1717   ;0.124465   ;0.248930    9.07200E-02    8.52139E-02
1718   ;0.124466   ;0.248931    9.07205E-02    8.52144E-02
1719   ;0.124465   ;0.248930    9.07202E-02    8.52141E-02
1720   ;0.124465   ;0.248931    9.07202E-02    8.52142E-02
1721   ;0.124465   ;0.248930    9.07202E-02    8.52141E-02
1722   ;0.124465   ;0.248930    9.07202E-02    8.52141E-02
1723   ;0.124465   ;0.248931    9.07202E-02    8.52142E-02
1724   ;0.124465   ;0.248930    9.07202E-02    8.52141E-02
1725   ;0.124465   ;0.248930    9.07202E-02    8.52141E-02
1726   ;0.124465   ;0.248931    9.07203E-02    8.52142E-02
1727   ;0.124465   ;0.248931    9.07202E-02    8.52142E-02
1728   ;0.124466   ;0.248931    9.07205E-02    8.52144E-02
1729   ;0.124465   ;0.248930    9.07202E-02    8.52141E-02
1730   ;0.124465   ;0.248930    9.07199E-02    8.52138E-02
1731   ;0.124465   ;0.248930    9.07199E-02    8.52138E-02
1732   ;0.124465   ;0.248930    9.07198E-02    8.52138E-02
1733   ;0.124466   ;0.248931    9.07205E-02    8.52144E-02
1734   ;0.124465   ;0.248930    9.07199E-02    8.52138E-02
1735   ;0.124466   ;0.248932    9.07207E-02    8.52146E-02
1736   ;0.124465   ;0.248930    9.07202E-02    8.52141E-02
1737   ;0.124465   ;0.248929    9.07198E-02    8.52138E-02
1738   ;0.124465   ;0.248930    9.07200E-02    8.52139E-02
1739   ;0.124465   ;0.248930    9.07202E-02    8.52141E-02
1740   ;0.124465   ;0.248931    9.07203E-02    8.52142E-02
1741   ;0.124465   ;0.248930    9.07202E-02    8.52141E-02
1742   ;0.124465   ;0.248930    9.07202E-02    8.52141E-02
1743   ;0.124465   ;0.248931    9.07203E-02    8.52142E-02
1744   ;0.124465   ;0.248929    9.07197E-02    8.52137E-02
1745   ;0.124465   ;0.248930    9.07201E-02    8.52140E-02
1746   ;0.124465   ;0.248931    9.07203E-02    8.52143E-02
1747   ;0.124465   ;0.248930    9.07199E-02    8.52138E-02
1748   ;0.124465   ;0.248931    9.07202E-02    8.52142E-02
1749   ;0.124465   ;0.248930    9.07202E-02    8.52141E-02
1750   ;0.128685   ;0.257370    9.37960E-02    8.81032E-02
1751   ;0.128686   ;0.257372    9.37966E-02    8.81039E-02
1752   ;0.128685   ;0.257370    9.37960E-02    8.81032E-02
1753   ;0.128686   ;0.257371    9.37963E-02    8.81035E-02
1754   ;0.128685   ;0.257371    9.37961E-02    8.81034E-02
1755   ;0.128685   ;0.257370    9.37959E-02    8.81031E-02
1756   ;0.128686   ;0.257371    9.37963E-02    8.81035E-02
1757   ;0.128686   ;0.257372    9.37967E-02    8.81039E-02
1758   ;0.128685   ;0.257370    9.37961E-02    8.81033E-02
1759   ;0.128686   ;0.257371    9.37964E-02    8.81036E-02
1760   ;0.122300   ;0.244601    8.91423E-02    8.37320E-02
1761   ;0.122300   ;0.244601    8.91423E-02    8.37319E-02
1762   ;0.122300   ;0.244601    8.91423E-02    8.37320E-02
1763   ;0.122301   ;0.244602    8.91426E-02    8.37323E-02
1764   ;0.122301   ;0.244601    8.91425E-02    8.37322E-02
1765   ;0.122300   ;0.244601    8.91423E-02    8.37320E-02
1766   ;0.122300   ;0.244601    8.91423E-02    8.37320E-02
1767   ;0.122300   ;0.244601    8.91424E-02    8.37320E-02
1768   ;0.122300   ;0.244601    8.91423E-02    8.37320E-02
1769   ;0.122301   ;0.244601    8.91425E-02    8.37322E-02
1770   ;0.122300   ;0.244601    8.91423E-02    8.37320E-02
1771   ;0.122300   ;0.244601    8.91424E-02    8.37320E-02
1772   ;0.122300   ;0.244601    8.91424E-02    8.37320E-02
1773   ;0.122300   ;0.244601    8.91423E-02    8.37319E-02
1774   ;0.122300   ;0.244601    8.91424E-02    8.37320E-02
1775   ;0.122300   ;0.244601    8.91423E-02    8.37320E-02
1776   ;0.122300   ;0.244601    8.91423E-02    8.37320E-02
1777   ;0.122301   ;0.244602    8.91426E-02    8.37323E-02
1778   ;0.122300   ;0.244601    8.91423E-02    8.37320E-02
1779   ;0.122301   ;0.244602    8.91426E-02    8.37323E-02
1780   ;0.115563   ;0.231127    8.42318E-02    7.91195E-02
1781   ;0.115563   ;0.231126    8.42316E-02    7.91193E-02
1782   ;0.115563   ;0.231126    8.42316E-02    7.91193E-02
1783   ;0.115563   ;0.231126    8.42316E-02    7.91193E-02
1784   ;0.115563   ;0.231126    8.42313E-02    7.91191E-02
1785   ;0.115563   ;0.231125    8.42313E-02    7.91191E-02
1786   ;0.115563   ;0.231125    8.42313E-02    7.91191E-02
1787   ;0.115563   ;0.231126    8.42317E-02    7.91194E-02
1788   ;0.115563   ;0.231126    8.42317E-02    7.91194E-02
1789   ;0.115563   ;0.231125    8.42313E-02    7.91190E-02
1790   ;0.115563   ;0.231126    8.42317E-02    7.91194E-02
1791   ;0.115563   ;0.231126    8.42316E-02    7.91193E-02
1792   ;0.115563   ;0.231126    8.42317E-02    7.91194E-02
1793   ;0.115563   ;0.231126    8.42316E-02    7.91193E-02
1794   ;0.115563   ;0.231126    8.42317E-02    7.91194E-02
1795   ;0.115564   ;0.231127    8.42319E-02    7.91197E-02
1796   ;0.115563   ;0.231126    8.42316E-02    7.91193E-02
1797   ;0.115563   ;0.231126    8.42315E-02    7.91193E-02
1798   ;0.115563   ;0.231126    8.42316E-02    7.91193E-02
1799   ;0.115563   ;0.231125    8.42313E-02    7.91191E-02
1800   ;0.115563   ;0.231126    8.42316E-02    7.91193E-02
1801   ;0.115563   ;0.231126    8.42316E-02    7.91193E-02
1802   ;0.115563   ;0.231126    8.42316E-02    7.91193E-02
1803   ;0.115564   ;0.231127    8.42320E-02    7.91197E-02
1804   ;0.115563   ;0.231126    8.42316E-02    7.91193E-02
1805   ;0.115563   ;0.231126    8.42316E-02    7.91193E-02
1806   ;0.115563   ;0.231126    8.42316E-02    7.91193E-02
1807   ;0.115563   ;0.231127    8.42318E-02    7.91195E-02
1808   ;0.115563   ;0.231126    8.42316E-02    7.91193E-02
1809   ;0.115563   ;0.231126    8.42313E-02    7.91191E-02
1810   ;0.115563   ;0.231127    8.42318E-02    7.91195E-02
1811   ;0.115563   ;0.231126    8.42317E-02    7.91194E-02
1812   ;0.115564   ;0.231127    8.42320E-02    7.91197E-02
1813   ;0.115564   ;0.231127    8.42320E-02    7.91197E-02
1814   ;0.115563   ;0.231126    8.42316E-02    7.91193E-02
1815   ;0.115563   ;0.231126    8.42315E-02    7.91193E-02
1816   ;0.115563   ;0.231126    8.42317E-02    7.91194E-02
1817   ;0.115563   ;0.231126    8.42314E-02    7.91192E-02
1818   ;0.115563   ;0.231126    8.42314E-02    7.91192E-02
1819   ;0.115563   ;0.231125    8.42312E-02    7.91189E-02
1820   ;0.113228   ;0.226455    8.25293E-02    7.75204E-02
1821   ;0.113228   ;0.226456    8.25295E-02    7.75205E-02
1822   ;0.113229   ;0.226458    8.25302E-02    7.75212E-02
1823   ;0.113229   ;0.226457    8.25300E-02    7.75210E-02
1824   ;0.113228   ;0.226456    8.25295E-02    7.75205E-02
1825   ;0.113228   ;0.226456    8.25296E-02    7.75206E-02
1826   ;0.113228   ;0.226456    8.25298E-02    7.75208E-02
1827   ;0.113229   ;0.226457    8.25300E-02    7.75210E-02
1828   ;0.113229   ;0.226457    8.25300E-02    7.75210E-02
1829   ;0.113229   ;0.226457    8.25300E-02    7.75210E-02
1830   ;0.113228   ;0.226455    8.25293E-02    7.75204E-02
1831   ;0.113228   ;0.226456    8.25295E-02    7.75205E-02
1832   ;0.113229   ;0.226457    8.25300E-02    7.75210E-02
1833   ;0.113229   ;0.226457    8.25301E-02    7.75211E-02
1834   ;0.113228   ;0.226457    8.25298E-02    7.75209E-02
1835   ;0.113228   ;0.226456    8.25297E-02    7.75207E-02
1836   ;0.113228   ;0.226456    8.25297E-02    7.75207E-02
1837   ;0.113228   ;0.226457    8.25298E-02    7.75209E-02
1838   ;0.113229   ;0.226458    8.25302E-02    7.75212E-02
1839   ;0.113228   ;0.226457    8.25299E-02    7.75210E-02
1840   ;0.113228   ;0.226456    8.25297E-02    7.75207E-02
1841   ;0.113228   ;0.226456    8.25295E-02    7.75205E-02
1842   ;0.113228   ;0.226457    8.25299E-02    7.75210E-02
1843   ;0.113228   ;0.226457    8.25299E-02    7.75210E-02
1844   ;0.113228   ;0.226457    8.25298E-02    7.75209E-02
1845   ;0.113228   ;0.226456    8.25298E-02    7.75208E-02
1846   ;0.113228   ;0.226456    8.25298E-02    7.75208E-02
1847   ;0.113229   ;0.226457    8.25300E-02    7.75210E-02
1848   ;0.113228   ;0.226456    8.25295E-02    7.75205E-02
1849   ;0.113228   ;0.226457    8.25299E-02    7.75209E-02
1850   ;0.113228   ;0.226456    8.25295E-02    7.75205E-02
1851   ;0.113228   ;0.226456    8.25295E-02    7.75205E-02
1852   ;0.113228   ;0.226456    8.25296E-02    7.75206E-02
1853   ;0.113228   ;0.226457    8.25299E-02    7.75210E-02
1854   ;0.113228   ;0.226456    8.25296E-02    7.75206E-02
1855   ;0.113228   ;0.226456    8.25296E-02    7.75206E-02
1856   ;0.113228   ;0.226456    8.25298E-02    7.75208E-02
1857   ;0.113228   ;0.226456    8.25294E-02    7.75205E-02
1858   ;0.113228   ;0.226456    8.25296E-02    7.75206E-02
1859   ;0.113228   ;0.226456    8.25297E-02    7.75207E-02
1860   ;0.113228   ;0.226456    8.25294E-02    7.75205E-02
1861   ;0.113229   ;0.226458    8.25302E-02    7.75212E-02
1862   ;0.113229   ;0.226457    8.25300E-02    7.75210E-02
1863   ;0.113228   ;0.226456    8.25296E-02    7.75206E-02
1864   ;0.113228   ;0.226457    8.25298E-02    7.75209E-02
1865   ;0.113229   ;0.226457    8.25300E-02    7.75210E-02
1866   ;0.113229   ;0.226457    8.25301E-02    7.75211E-02
1867   ;0.113228   ;0.226455    8.25293E-02    7.75204E-02
1868   ;0.113228   ;0.226457    8.25299E-02    7.75209E-02
1869   ;0.113228   ;0.226456    8.25296E-02    7.75206E-02
1870   ;0.113228   ;0.226456    8.25297E-02    7.75207E-02
1871   ;0.113228   ;0.226456    8.25296E-02    7.75206E-02
1872   ;0.113228   ;0.226455    8.25293E-02    7.75204E-02
1873   ;0.113228   ;0.226455    8.25293E-02    7.75204E-02
1874   ;0.113229   ;0.226458    8.25302E-02    7.75212E-02
1875   ;0.113229   ;0.226457    8.25301E-02    7.75211E-02
1876   ;0.113228   ;0.226456    8.25297E-02    7.75207E-02
1877   ;0.113228   ;0.226457    8.25299E-02    7.75209E-02
1878   ;0.113228   ;0.226457    8.25298E-02    7.75209E-02
1879   ;0.113229   ;0.226458    8.25302E-02    7.75212E-02
1880   ;0.113229   ;0.226457    8.25300E-02    7.75210E-02
1881   ;0.113229   ;0.226458    8.25302E-02    7.75212E-02
1882   ;0.113229   ;0.226457    8.25300E-02    7.75210E-02
1883   ;0.113228   ;0.226455    8.25293E-02    7.75204E-02
1884   ;0.113229   ;0.226457    8.25301E-02    7.75211E-02
1885   ;0.113228   ;0.226457    8.25299E-02    7.75210E-02
1886   ;0.113228   ;0.226456    8.25298E-02    7.75208E-02
1887   ;0.113228   ;0.226456    8.25296E-02    7.75206E-02
1888   ;0.113228   ;0.226457    8.25298E-02    7.75209E-02
1889   ;0.113228   ;0.226456    8.25298E-02    7.75208E-02
1890   ;0.113229   ;0.226457    8.25301E-02    7.75211E-02
1891   ;0.113229   ;0.226457    8.25300E-02    7.75210E-02
1892   ;0.113228   ;0.226456    8.25295E-02    7.75205E-02
1893   ;0.113228   ;0.226456    8.25297E-02    7.75207E-02
1894   ;0.113228   ;0.226456    8.25295E-02    7.75205E-02
1895   ;0.113228   ;0.226456    8.25297E-02    7.75207E-02
1896   ;0.113228   ;0.226456    8.25298E-02    7.75208E-02
1897   ;0.113228   ;0.226456    8.25298E-02    7.75208E-02
1898   ;0.113229   ;0.226457    8.25301E-02    7.75211E-02
1899   ;0.113228   ;0.226456    8.25297E-02    7.75207E-02
1900   ;0.113229   ;0.226457    8.25300E-02    7.75210E-02
1901   ;0.113228   ;0.226456    8.25296E-02    7.75206E-02
